Workbook

Sheet Analysis
A1: Guest Nights vs. Tax Revenue: Correlation and Simple Linear Regression
A2: X = Guest nights ('000) | Y = Tax revenue ($m) | Annual data 1980-2024. All figures below are live formulas on the Data sheet.
A4: 1. Correlation
A5: Correlation coefficient (r) | B5: =CORREL(Data!$B$2:$B$46,Data!$C$2:$C$46) -> 0.89878192 | C5: Very strong, positive linear relationship (close to +1)
A7: 2. Regression statistics
A8: Multiple R | B8: =SQRT(B9) -> 0.89878192 | C8: Equals |r| in simple regression
A9: R Square | B9: =RSQ(Data!$C$2:$C$46,Data!$B$2:$B$46) -> 0.80780895 | C9: Share of variation in tax revenue explained by guest nights
A10: Adjusted R Square | B10: =1-(1-B9)*(B12-1)/(B12-2) -> 0.80333939 | C10: Adjusted for one predictor
A11: Standard Error | B11: =STEYX(Data!$C$2:$C$46,Data!$B$2:$B$46) -> 472.93932 | C11: Average distance of observed points from the line ($m)
A12: Observations | B12: =COUNT(Data!$B$2:$B$46) -> 45
A14: 3. ANOVA
A15: Source | B15: df | C15: SS | D15: MS | E15: F | F15: Significance F
A16: Regression | B16: 1 | C16: =INDEX(LINEST(Data!$C$2:$C$46,Data!$B$2:$B$46,TRUE(),TRUE()),5,1) -> 40425444 | D16: =C16/B16 -> 40425444 | E16: =D16/D17 -> 180.7357 | F16: =FDIST(E16,B16,B17) -> 5.3336171e-17
A17: Residual | B17: =B12-2 -> 43 | C17: =INDEX(LINEST(Data!$C$2:$C$46,Data!$B$2:$B$46,TRUE(),TRUE()),5,2) -> 9617878.8 | D17: =C17/B17 -> 223671.6
A18: Total | B18: =B16+B17 -> 44 | C18: =C16+C17 -> 50043323
A20: 4. Coefficients
B21: Coefficient | C21: Standard Error | D21: t Stat | E21: P-value | F21: Lower 95% | G21: Upper 95%
A22: Intercept | B22: =INTERCEPT(Data!$C$2:$C$46,Data!$B$2:$B$46) -> 33.554515 | C22: =INDEX(LINEST(Data!$C$2:$C$46,Data!$B$2:$B$46,TRUE(),TRUE()),2,2) -> 347.68247 | D22: =B22/C22 -> 0.096509078 | E22: =TDIST(ABS(D22),$B$17,2) -> 0.92356467 | F22: =B22-TINV(0.05,$B$17)*C22 -> -667.61401 | G22: =B22+TINV(0.05,$B$17)*C22 -> 734.72304
A23: Guest nights ('000) | B23: =SLOPE(Data!$C$2:$C$46,Data!$B$2:$B$46) -> 0.14920853 | C23: =INDEX(LINEST(Data!$C$2:$C$46,Data!$B$2:$B$46,TRUE(),TRUE()),2,1) -> 0.011098689 | D23: =B23/C23 -> 13.443798 | E23: =TDIST(ABS(D23),$B$17,2) -> 5.3336171e-17 | F23: =B23-TINV(0.05,$B$17)*C23 -> 0.12682589 | G23: =B23+TINV(0.05,$B$17)*C23 -> 0.17159117
A25: 5. Fitted model
A26: Tax Revenue ($m) = Intercept + Slope x Guest nights ('000)
A27: ="y = "&TEXT(B22,"0.0000")&" + "&TEXT(B23,"0.0000")&"x" -> y = 33.5545 + 0.1492x
A28: Interpretation: each additional 1,000 guest nights is associated with about $0.149m more tax revenue (slope is in $m per '000 guest nights).
A30: 6. Forecast calculator
A31: Guest nights ('000) - edit this cell | B31: 35000 | C31: Input (yellow). Observed range: see Data sheet; the model should not be used far outside it.
A32: Predicted tax revenue ($m) | B32: =B22+B23*B31 -> 5255.8529
A33: In observed range? | B33: =IF(AND(B31>=MIN(Data!$B$2:$B$46),B31<=MAX(Data!$B$2:$B$46)),"Yes","No - extrapolation, use with caution") -> Yes

Sheet Data
A1: Year | B1: Guest nights ('000) | C1: Tax revenue ($m)
A2: 1980 | B2: 20745 | C2: 2752
A3: 1981 | B3: 20293 | C3: 2814
A4: 1982 | B4: 21972 | C4: 3824
A5: 1983 | B5: 23785 | C5: 3739
A6: 1984 | B6: 21649 | C6: 2366
A7: 1985 | B7: 22149 | C7: 3484
A8: 1986 | B8: 25369 | C8: 3613
A9: 1987 | B9: 24651 | C9: 3359
A10: 1988 | B10: 23296 | C10: 3800
A11: 1989 | B11: 25314 | C11: 4313
A12: 1990 | B12: 24305 | C12: 4111
A13: 1991 | B13: 24801 | C13: 3301
... A46: 2024 | B46: 39782 | C46: 6224
A48: Source: Tourism_data.xlsx provided with the course assessment (annual data, 1980-2024). Blue = raw input data.

Sheet Scatter Plot
A1: Scatter plot with linear trendline (equation and R-squared displayed)
